return_id,order_detail_id,return_date,reason,refund_status
1,52537,2025-08-10,"Bluetooth not working",Processed
2,23143,2024-08-09,"Poor quality",Approved
3,29677,2025-01-07,"Wrong item shipped",Approved
4,7095,2025-07-15,"Poor quality",Pending
5,38378,2024-06-07,"Screen issues",Pending
6,7773,2024-10-31,"Damaged in transit",Approved
7,32228,2024-11-22,"Inaccurate step counter",Approved
8,3586,2024-07-31,"Defective product",Processed
9,3064,2025-08-05,"Inaccurate step counter",Pending
10,45651,2024-03-29,"Bluetooth not working",Approved
11,5890,2025-05-09,"Screen issues",Approved
12,41248,2024-09-25,"Damaged in transit",Approved
13,37303,2024-07-27,"Wrong item shipped",Approved
14,22016,2024-02-18,"Wrong item shipped",Approved
15,9626,2024-04-24,"Bluetooth not working",Processed
16,11010,2025-02-08,"Battery issue",Approved
17,34133,2025-04-08,"Damaged in transit",Approved
18,56335,2024-07-06,"Screen issues",Approved
19,189,2025-04-15,"Wrong item shipped",Pending
20,32651,2025-07-23,"Damaged in transit",Processed
21,49808,2024-01-22,"Screen issues",Approved
22,25334,2025-03-11,"Wrong item shipped",Processed
23,2549,2024-06-13,"Bluetooth not working",Approved
24,9125,2024-09-22,"Damaged in transit",Processed
25,11856,2024-12-11,"Battery issue",Pending
26,53569,2025-09-10,"Wrong item shipped",Approved
27,29827,2024-05-18,"Damaged in transit",Pending
28,61151,2025-03-17,"Defective product",Approved
29,5696,2025-06-19,"Bluetooth not working",Approved
30,739,2024-12-08,"Damaged in transit",Pending
31,15171,2024-12-26,"Poor quality",Approved
32,27560,2025-04-07,"Battery issue",Approved
33,26122,2024-10-27,"Inaccurate step counter",Processed
34,21645,2024-07-16,"Inaccurate step counter",Approved
35,30113,2024-07-13,"Bluetooth not working",Pending
36,56395,2024-03-17,"Battery issue",Pending
37,45565,2024-02-15,"Damaged in transit",Approved
38,9330,2024-11-05,"Bluetooth not working",Approved
39,47128,2024-03-15,"Defective product",Processed
40,43103,2024-06-13,"Inaccurate step counter",Approved
41,4783,2024-03-14,"Bluetooth not working",Approved
42,2336,2025-08-15,"Battery issue",Processed
43,60972,2025-05-11,"Screen issues",Approved
44,50611,2025-05-14,"Bluetooth not working",Approved
45,56007,2025-05-10,"Inaccurate step counter",Approved
46,56197,2025-02-05,"Defective product",Processed
47,24400,2024-05-08,"Wrong item shipped",Processed
48,33506,2024-08-30,"Defective product",Approved
49,20940,2024-06-07,"Defective product",Approved
50,30016,2024-10-25,"Defective product",Processed
51,40193,2024-03-31,"Inaccurate step counter",Processed
52,18558,2024-07-17,"Damaged in transit",Pending
53,43786,2024-09-06,"Inaccurate step counter",Approved
54,53007,2024-12-08,"Damaged in transit",Pending
55,48776,2024-12-04,"Wrong item shipped",Approved
56,61570,2025-02-17,"Defective product",Approved
57,32414,2024-08-03,"Battery issue",Approved
58,3767,2025-04-12,"Inaccurate step counter",Pending
59,35254,2025-01-06,"Inaccurate step counter",Approved
60,38832,2024-07-10,"Screen issues",Processed
61,22180,2024-02-18,"Wrong item shipped",Pending
62,22943,2024-09-22,"Damaged in transit",Pending
63,54865,2025-04-22,"Inaccurate step counter",Pending
64,56763,2025-07-23,"Wrong item shipped",Approved
65,3427,2024-07-25,"Inaccurate step counter",Approved
66,42875,2025-05-08,"Battery issue",Approved
67,20573,2024-08-31,"Battery issue",Approved
68,19827,2024-03-16,"Defective product",Approved
69,12334,2024-09-02,"Inaccurate step counter",Processed
70,56827,2024-08-11,"Wrong item shipped",Processed
71,5972,2025-04-06,"Bluetooth not working",Processed
72,6786,2025-07-26,"Battery issue",Approved
73,21710,2024-10-10,"Bluetooth not working",Approved
74,3738,2024-12-01,"Poor quality",Pending
75,36475,2025-09-07,"Battery issue",Pending
76,60859,2025-07-19,"Battery issue",Approved
77,35475,2024-08-08,"Wrong item shipped",Approved
78,8571,2025-02-06,"Battery issue",Processed
79,2525,2025-04-17,"Battery issue",Approved
80,41257,2025-02-18,"Screen issues",Processed
81,41703,2024-08-08,"Wrong item shipped",Approved
82,48333,2025-09-04,"Defective product",Approved
83,13020,2024-11-21,"Defective product",Approved
84,27488,2024-06-24,"Defective product",Approved
85,45072,2025-02-12,"Bluetooth not working",Processed
86,14902,2024-07-21,"Battery issue",Approved
87,20462,2025-05-03,"Screen issues",Approved
88,18786,2025-08-16,"Defective product",Approved
89,19054,2025-02-28,"Battery issue",Processed
90,21737,2025-08-12,"Poor quality",Pending
91,5719,2024-02-16,"Poor quality",Approved
92,22226,2024-09-19,"Inaccurate step counter",Pending
93,61688,2024-12-29,"Poor quality",Approved
94,57250,2024-07-01,"Battery issue",Pending
95,50130,2024-12-17,"Screen issues",Approved
96,29895,2024-11-10,"Screen issues",Approved
97,60535,2024-02-15,"Battery issue",Processed
98,25696,2025-01-27,"Poor quality",Approved
99,39760,2024-06-17,"Battery issue",Approved
100,56219,2024-05-09,"Defective product",Pending
101,29084,2024-04-10,"Screen issues",Processed
102,27632,2024-08-17,"Inaccurate step counter",Approved
103,24264,2025-05-29,"Defective product",Approved
104,36731,2025-06-28,"Battery issue",Processed
105,26375,2025-09-10,"Bluetooth not working",Approved
106,19068,2025-01-15,"Poor quality",Approved
107,23262,2024-03-24,"Inaccurate step counter",Approved
108,33502,2024-11-05,"Screen issues",Approved
109,21938,2025-02-16,"Wrong item shipped",Approved
110,57879,2024-02-08,"Damaged in transit",Approved
111,24220,2025-09-02,"Damaged in transit",Pending
112,14759,2024-09-28,"Inaccurate step counter",Approved
113,16564,2025-09-10,"Screen issues",Approved
114,1698,2024-03-30,"Inaccurate step counter",Pending
115,29023,2024-07-20,"Defective product",Pending
116,15215,2025-09-10,"Damaged in transit",Pending
117,24334,2024-01-31,"Wrong item shipped",Approved
118,59682,2024-04-15,"Bluetooth not working",Processed
119,33940,2025-09-07,"Inaccurate step counter",Pending
120,21918,2024-09-19,"Inaccurate step counter",Processed
121,1008,2025-05-03,"Bluetooth not working",Approved
122,53368,2025-05-02,"Defective product",Approved
123,42732,2024-05-08,"Damaged in transit",Processed
124,25817,2024-12-25,"Poor quality",Approved
125,14021,2025-07-31,"Damaged in transit",Approved
126,2843,2025-05-03,"Screen issues",Pending
127,24140,2024-10-16,"Screen issues",Approved
128,13435,2025-02-26,"Inaccurate step counter",Approved
129,11066,2024-07-24,"Damaged in transit",Processed
130,48422,2024-04-24,"Screen issues",Pending
131,2748,2024-08-06,"Defective product",Processed
132,37060,2025-08-05,"Wrong item shipped",Approved
133,46134,2024-02-18,"Poor quality",Approved
134,2976,2024-10-17,"Damaged in transit",Approved
135,17868,2024-09-21,"Bluetooth not working",Approved
136,48399,2025-03-08,"Damaged in transit",Processed
137,54530,2024-01-15,"Battery issue",Pending
138,21011,2025-04-16,"Damaged in transit",Approved
139,12914,2025-05-02,"Battery issue",Approved
140,36537,2024-12-11,"Bluetooth not working",Pending
141,38115,2024-09-01,"Damaged in transit",Approved
142,22391,2024-02-01,"Wrong item shipped",Processed
143,54234,2025-07-05,"Bluetooth not working",Pending
144,24701,2024-07-03,"Damaged in transit",Pending
145,59550,2025-08-05,"Screen issues",Approved
146,35448,2024-04-23,"Poor quality",Approved
147,14347,2024-04-30,"Wrong item shipped",Approved
148,10200,2025-03-27,"Poor quality",Processed
149,25172,2024-08-22,"Defective product",Processed
150,32151,2024-04-05,"Bluetooth not working",Approved
151,3876,2024-05-14,"Damaged in transit",Processed
152,48968,2025-03-12,"Defective product",Processed
153,26433,2024-09-21,"Inaccurate step counter",Pending
154,49736,2025-08-04,"Poor quality",Pending
155,22948,2025-02-28,"Wrong item shipped",Pending
156,25355,2024-07-12,"Wrong item shipped",Approved
157,31313,2025-02-27,"Inaccurate step counter",Pending
158,44903,2024-05-15,"Bluetooth not working",Processed
159,55901,2025-06-23,"Damaged in transit",Approved
160,20087,2024-03-08,"Screen issues",Pending
161,36230,2025-03-12,"Inaccurate step counter",Approved
162,4848,2025-03-06,"Inaccurate step counter",Approved
163,8464,2024-03-05,"Poor quality",Processed
164,14932,2025-08-26,"Poor quality",Processed
165,33054,2025-07-22,"Battery issue",Approved
166,52597,2024-05-20,"Battery issue",Pending
167,58061,2025-03-01,"Battery issue",Approved
168,25555,2024-12-04,"Wrong item shipped",Processed
169,12179,2024-11-14,"Screen issues",Processed
170,24228,2025-06-22,"Inaccurate step counter",Processed
171,22933,2025-09-10,"Bluetooth not working",Processed
172,19189,2025-01-09,"Inaccurate step counter",Processed
173,42022,2024-06-13,"Wrong item shipped",Approved
174,5,2024-11-04,"Bluetooth not working",Pending
175,38239,2025-07-10,"Defective product",Processed
176,41664,2024-10-13,"Screen issues",Processed
177,38003,2024-06-01,"Poor quality",Approved
178,36933,2025-09-10,"Defective product",Approved
179,2885,2024-11-24,"Poor quality",Approved
180,58847,2024-09-23,"Wrong item shipped",Approved
181,5320,2024-06-11,"Poor quality",Approved
182,28562,2024-12-21,"Screen issues",Processed
183,61211,2025-09-10,"Battery issue",Approved
184,57896,2024-09-11,"Inaccurate step counter",Approved
185,32102,2024-08-07,"Wrong item shipped",Approved
186,30447,2024-03-15,"Battery issue",Approved
187,49119,2025-02-05,"Poor quality",Processed
188,7477,2025-01-31,"Bluetooth not working",Approved
189,57337,2025-09-04,"Poor quality",Processed
190,34311,2025-05-02,"Poor quality",Pending
191,7605,2024-11-25,"Inaccurate step counter",Approved
192,32302,2024-09-15,"Inaccurate step counter",Approved
193,31546,2025-07-22,"Damaged in transit",Approved
194,59008,2025-03-31,"Poor quality",Pending
195,14295,2024-08-10,"Damaged in transit",Approved
196,26727,2024-07-26,"Battery issue",Approved
197,47622,2025-04-11,"Defective product",Pending
198,25563,2024-02-29,"Screen issues",Processed
199,43650,2024-12-27,"Battery issue",Approved
200,32980,2024-07-25,"Wrong item shipped",Approved
201,52668,2025-05-25,"Defective product",Pending
202,23734,2024-06-22,"Defective product",Approved
203,32196,2025-03-01,"Inaccurate step counter",Approved
204,23189,2025-09-10,"Inaccurate step counter",Approved
205,59510,2024-07-03,"Battery issue",Pending
206,20201,2025-05-28,"Damaged in transit",Approved
207,4108,2024-07-13,"Screen issues",Pending
208,32534,2025-08-16,"Wrong item shipped",Approved
209,15643,2024-07-01,"Screen issues",Approved
210,46085,2025-03-16,"Damaged in transit",Processed
211,48820,2024-10-19,"Bluetooth not working",Processed
212,41412,2024-02-17,"Screen issues",Processed
213,37461,2025-09-01,"Defective product",Processed
214,28281,2025-06-11,"Wrong item shipped",Approved
215,6615,2025-02-09,"Battery issue",Processed
216,38494,2024-04-17,"Screen issues",Approved
217,16576,2025-02-12,"Damaged in transit",Approved
218,11223,2024-05-27,"Wrong item shipped",Approved
219,1994,2025-02-13,"Wrong item shipped",Pending
220,50252,2025-09-03,"Bluetooth not working",Processed
221,26292,2024-05-31,"Damaged in transit",Approved
222,12655,2025-09-10,"Wrong item shipped",Pending
223,47385,2024-07-10,"Inaccurate step counter",Approved
224,4131,2024-11-20,"Battery issue",Approved
225,43191,2024-06-27,"Damaged in transit",Processed
226,51111,2025-05-14,"Battery issue",Approved
227,2637,2024-05-03,"Bluetooth not working",Pending
228,4258,2025-07-09,"Damaged in transit",Processed
229,25937,2025-07-31,"Poor quality",Approved
230,38256,2025-08-17,"Damaged in transit",Approved
231,9289,2024-06-02,"Defective product",Processed
232,26321,2024-07-29,"Inaccurate step counter",Pending
233,31314,2025-02-16,"Poor quality",Approved
234,31912,2024-07-07,"Inaccurate step counter",Approved
235,46796,2025-09-09,"Bluetooth not working",Approved
236,32389,2025-08-08,"Damaged in transit",Approved
237,50386,2025-05-15,"Battery issue",Processed
238,8239,2025-05-02,"Damaged in transit",Approved
239,11184,2025-08-30,"Bluetooth not working",Approved
240,10806,2025-03-30,"Bluetooth not working",Processed
241,33692,2025-06-25,"Damaged in transit",Pending
242,50847,2025-08-02,"Screen issues",Approved
243,55553,2025-07-13,"Battery issue",Approved
244,11074,2024-01-18,"Defective product",Approved
245,28037,2024-01-27,"Defective product",Approved
246,15300,2024-10-15,"Defective product",Processed
247,16104,2024-04-30,"Poor quality",Processed
248,15888,2024-06-06,"Bluetooth not working",Approved
249,21076,2024-05-12,"Defective product",Processed
250,29283,2024-11-29,"Inaccurate step counter",Approved
251,52850,2024-09-03,"Battery issue",Approved
252,32584,2024-12-09,"Bluetooth not working",Approved
253,61271,2024-02-17,"Screen issues",Approved
254,16265,2025-01-27,"Damaged in transit",Processed
255,25222,2024-05-02,"Battery issue",Processed
256,47589,2025-07-31,"Poor quality",Pending
257,38687,2024-02-09,"Defective product",Processed
258,39804,2024-09-14,"Screen issues",Processed
259,2601,2024-06-06,"Poor quality",Approved
260,37497,2025-08-03,"Poor quality",Approved
261,29135,2024-05-27,"Defective product",Processed
262,37898,2024-06-23,"Inaccurate step counter",Approved
263,53516,2024-05-27,"Battery issue",Pending
264,55390,2024-10-28,"Battery issue",Approved
265,19600,2025-02-06,"Defective product",Approved
266,13920,2024-11-12,"Poor quality",Approved
267,54798,2024-04-27,"Screen issues",Pending
268,41918,2025-06-25,"Poor quality",Approved
269,38491,2024-07-13,"Battery issue",Approved
270,32319,2024-03-02,"Battery issue",Processed
271,15252,2024-09-04,"Battery issue",Processed
272,50750,2025-05-23,"Inaccurate step counter",Approved
273,16656,2024-05-23,"Inaccurate step counter",Processed
274,42112,2024-06-29,"Battery issue",Approved
275,19982,2025-05-24,"Poor quality",Processed
276,50166,2025-05-22,"Inaccurate step counter",Approved
277,19037,2024-07-01,"Bluetooth not working",Approved
278,38182,2024-05-22,"Battery issue",Pending
279,24170,2024-01-23,"Inaccurate step counter",Pending
280,38546,2024-04-09,"Damaged in transit",Approved
281,37384,2024-06-13,"Screen issues",Processed
282,43701,2025-07-30,"Defective product",Approved
283,57374,2024-12-02,"Battery issue",Approved
284,14709,2024-08-08,"Screen issues",Approved
285,58748,2025-09-03,"Inaccurate step counter",Processed
286,14967,2025-01-12,"Battery issue",Approved
287,39490,2025-07-09,"Screen issues",Approved
288,55105,2024-12-22,"Inaccurate step counter",Processed
289,1429,2024-08-02,"Inaccurate step counter",Approved
290,27575,2025-04-22,"Defective product",Processed
291,47601,2025-06-09,"Wrong item shipped",Processed
292,49581,2024-10-06,"Inaccurate step counter",Approved
293,52298,2024-10-31,"Screen issues",Approved
294,8467,2025-07-04,"Wrong item shipped",Processed
295,51989,2024-12-02,"Damaged in transit",Processed
296,38942,2024-07-02,"Inaccurate step counter",Approved
297,1850,2024-08-17,"Damaged in transit",Processed
298,13837,2025-07-09,"Damaged in transit",Approved
299,28368,2024-12-03,"Poor quality",Approved
300,50240,2025-09-10,"Wrong item shipped",Approved
301,20541,2025-06-21,"Poor quality",Approved
302,40036,2024-09-21,"Poor quality",Approved
303,16232,2024-02-11,"Bluetooth not working",Approved
304,57867,2024-01-22,"Wrong item shipped",Approved
305,47074,2025-06-09,"Inaccurate step counter",Processed
306,58889,2025-06-03,"Damaged in transit",Processed
307,25784,2024-02-15,"Screen issues",Approved
308,54468,2024-09-07,"Bluetooth not working",Approved
309,24640,2025-04-21,"Defective product",Approved
310,2332,2024-12-19,"Defective product",Pending
311,3879,2025-08-03,"Defective product",Processed
312,14670,2024-05-31,"Poor quality",Approved
313,14252,2024-07-04,"Poor quality",Processed
314,16251,2024-09-11,"Inaccurate step counter",Pending
315,19566,2024-03-16,"Wrong item shipped",Approved
316,51562,2024-05-02,"Poor quality",Approved
317,51008,2025-07-08,"Defective product",Pending
318,59990,2025-08-12,"Screen issues",Approved
319,54499,2025-01-15,"Defective product",Approved
320,49532,2025-05-18,"Damaged in transit",Processed
321,8005,2024-07-30,"Battery issue",Processed
322,18083,2024-06-28,"Inaccurate step counter",Processed
323,47255,2024-08-20,"Defective product",Pending
324,34736,2024-10-18,"Wrong item shipped",Processed
325,14864,2024-06-04,"Poor quality",Approved
326,22485,2024-10-10,"Battery issue",Pending
327,26328,2024-02-13,"Poor quality",Processed
328,10778,2025-09-04,"Wrong item shipped",Processed
329,48681,2024-05-26,"Battery issue",Processed
330,39859,2025-04-27,"Damaged in transit",Approved
331,37296,2025-07-08,"Screen issues",Approved
332,51108,2024-02-16,"Defective product",Approved
333,12345,2025-06-14,"Defective product",Processed
334,30079,2025-01-23,"Defective product",Approved
335,43055,2024-07-04,"Screen issues",Approved
336,19993,2024-08-29,"Inaccurate step counter",Processed
337,57243,2024-04-09,"Defective product",Processed
338,14237,2024-07-19,"Screen issues",Approved
339,45289,2025-05-23,"Screen issues",Approved
340,25562,2025-07-05,"Wrong item shipped",Approved
341,11113,2025-06-23,"Poor quality",Approved
342,40663,2024-06-20,"Poor quality",Approved
343,48749,2024-05-25,"Battery issue",Approved
344,29025,2024-08-01,"Bluetooth not working",Processed
345,56172,2025-03-07,"Damaged in transit",Pending
346,7981,2025-07-04,"Screen issues",Pending
347,33022,2024-06-30,"Defective product",Processed
348,1433,2025-02-10,"Wrong item shipped",Approved
349,10187,2025-02-08,"Damaged in transit",Pending
350,46581,2024-02-12,"Damaged in transit",Approved
351,26866,2025-01-31,"Defective product",Approved
352,22492,2024-11-19,"Battery issue",Processed
353,23885,2025-03-05,"Damaged in transit",Approved
354,29875,2025-08-10,"Wrong item shipped",Pending
355,40126,2024-04-13,"Damaged in transit",Approved
356,15669,2024-03-05,"Defective product",Pending
357,18493,2025-02-27,"Defective product",Processed
358,50506,2024-12-23,"Screen issues",Processed
359,1645,2025-06-23,"Inaccurate step counter",Processed
360,52653,2024-12-16,"Bluetooth not working",Approved
361,51163,2025-05-26,"Wrong item shipped",Approved
362,39754,2024-05-18,"Wrong item shipped",Processed
363,13145,2024-07-24,"Bluetooth not working",Processed
364,4092,2024-02-02,"Defective product",Pending
365,10216,2025-03-05,"Screen issues",Processed
366,41943,2024-07-13,"Bluetooth not working",Approved
367,19126,2025-04-07,"Poor quality",Pending
368,38595,2024-11-11,"Screen issues",Pending
369,10677,2024-03-02,"Defective product",Pending
370,55322,2025-01-09,"Poor quality",Pending
371,11073,2024-01-11,"Damaged in transit",Processed
372,24923,2024-09-10,"Inaccurate step counter",Approved
373,39344,2025-06-16,"Bluetooth not working",Approved
374,20448,2024-03-05,"Poor quality",Approved
375,56142,2024-05-09,"Defective product",Pending
376,57218,2024-04-19,"Screen issues",Processed
377,53982,2025-01-26,"Screen issues",Processed
378,46506,2024-06-09,"Screen issues",Processed
379,16698,2024-02-27,"Bluetooth not working",Approved
380,56072,2025-07-07,"Defective product",Processed
381,15072,2024-04-15,"Bluetooth not working",Approved
382,45232,2025-09-10,"Poor quality",Processed
383,26817,2024-10-10,"Damaged in transit",Approved
384,24663,2024-10-07,"Defective product",Processed
385,19119,2025-04-24,"Damaged in transit",Approved
386,27413,2024-01-16,"Battery issue",Processed
387,27361,2024-03-30,"Battery issue",Processed
388,33674,2024-10-21,"Poor quality",Approved
389,56175,2025-07-14,"Defective product",Approved
390,11227,2025-03-20,"Damaged in transit",Processed
391,9071,2025-07-24,"Poor quality",Processed
392,41518,2025-03-07,"Inaccurate step counter",Pending
393,43013,2024-12-15,"Inaccurate step counter",Processed
394,9051,2025-01-03,"Battery issue",Processed
395,12652,2024-08-25,"Poor quality",Processed
396,32648,2024-12-16,"Inaccurate step counter",Approved
397,33997,2025-05-21,"Damaged in transit",Processed
398,40526,2024-05-05,"Wrong item shipped",Pending
399,9471,2024-10-07,"Poor quality",Approved
400,5027,2025-04-21,"Defective product",Approved
401,27537,2025-05-01,"Screen issues",Pending
402,31584,2025-08-24,"Poor quality",Processed
403,7833,2025-01-21,"Damaged in transit",Approved
404,29257,2025-01-24,"Bluetooth not working",Processed
405,12543,2024-07-22,"Screen issues",Approved
406,1121,2024-04-10,"Damaged in transit",Processed
407,9108,2025-08-07,"Poor quality",Processed
408,40097,2024-08-25,"Battery issue",Approved
409,26622,2025-09-01,"Poor quality",Processed
410,46129,2025-06-28,"Damaged in transit",Approved
411,45270,2025-05-30,"Damaged in transit",Approved
412,51948,2025-09-10,"Battery issue",Processed
413,9659,2025-01-26,"Bluetooth not working",Approved
414,14318,2024-09-19,"Screen issues",Approved
415,48874,2024-12-26,"Bluetooth not working",Processed
416,31284,2025-05-17,"Battery issue",Approved
417,40496,2025-03-21,"Wrong item shipped",Processed
418,39235,2024-03-27,"Damaged in transit",Approved
419,30300,2024-09-16,"Defective product",Approved
420,26682,2025-01-14,"Wrong item shipped",Pending
421,3421,2024-04-25,"Wrong item shipped",Pending
422,27456,2025-09-10,"Defective product",Processed
423,49753,2024-03-05,"Damaged in transit",Processed
424,51337,2025-08-31,"Damaged in transit",Pending
425,27116,2025-06-16,"Wrong item shipped",Pending
426,16582,2025-04-26,"Inaccurate step counter",Approved
427,44806,2024-04-05,"Damaged in transit",Approved
428,3958,2024-06-29,"Battery issue",Processed
429,22700,2024-03-06,"Screen issues",Processed
430,42340,2025-04-13,"Battery issue",Processed
431,53558,2024-02-13,"Bluetooth not working",Approved
432,4033,2025-09-10,"Battery issue",Pending
433,40779,2025-04-21,"Screen issues",Processed
434,47717,2025-09-10,"Poor quality",Approved
435,61619,2025-03-17,"Bluetooth not working",Processed
436,33570,2024-10-28,"Inaccurate step counter",Processed
437,2319,2024-08-25,"Damaged in transit",Approved
438,30564,2025-03-20,"Screen issues",Pending
439,60771,2025-08-06,"Inaccurate step counter",Processed
440,27197,2024-09-08,"Inaccurate step counter",Processed
441,8889,2024-11-27,"Battery issue",Approved
442,41992,2025-04-30,"Battery issue",Processed
443,16157,2024-10-09,"Battery issue",Approved
444,268,2025-06-21,"Screen issues",Approved
445,16913,2024-05-29,"Defective product",Processed
446,44963,2025-09-10,"Inaccurate step counter",Approved
447,17179,2024-11-29,"Poor quality",Approved
448,25310,2025-08-25,"Bluetooth not working",Approved
449,49420,2024-03-21,"Poor quality",Processed
450,2200,2024-12-12,"Poor quality",Approved
451,18794,2025-08-07,"Screen issues",Approved
452,18266,2024-05-07,"Poor quality",Approved
453,60137,2025-04-10,"Poor quality",Pending
454,57221,2025-02-01,"Wrong item shipped",Processed
455,23153,2024-08-20,"Defective product",Approved
456,56750,2024-05-28,"Wrong item shipped",Approved
457,59027,2025-05-25,"Poor quality",Approved
458,33771,2024-12-07,"Poor quality",Processed
459,45366,2025-01-01,"Bluetooth not working",Pending
460,17959,2025-03-14,"Defective product",Pending
461,39406,2024-04-09,"Inaccurate step counter",Approved
462,5448,2025-06-25,"Bluetooth not working",Processed
463,7023,2025-07-26,"Wrong item shipped",Approved
464,28645,2025-08-13,"Inaccurate step counter",Approved
465,61568,2025-03-02,"Battery issue",Approved
466,24098,2024-11-30,"Screen issues",Pending
467,31464,2025-07-12,"Defective product",Approved
468,17736,2024-02-22,"Screen issues",Processed
469,44937,2024-04-11,"Screen issues",Processed
470,52238,2025-04-05,"Poor quality",Processed
471,21730,2025-08-13,"Screen issues",Pending
472,22610,2024-08-11,"Screen issues",Approved
473,16249,2024-09-07,"Damaged in transit",Approved
474,106,2025-09-10,"Bluetooth not working",Approved
475,19717,2025-05-25,"Defective product",Approved
476,23860,2024-03-05,"Defective product",Approved
477,36186,2024-09-17,"Poor quality",Approved
478,14054,2024-05-15,"Bluetooth not working",Processed
479,39634,2025-03-26,"Battery issue",Pending
480,7972,2025-03-10,"Defective product",Approved
481,31616,2025-01-10,"Inaccurate step counter",Approved
482,10736,2024-03-01,"Defective product",Approved
483,36691,2024-05-12,"Inaccurate step counter",Approved
484,2763,2024-08-05,"Poor quality",Approved
485,1481,2024-03-03,"Bluetooth not working",Processed
486,41898,2025-03-30,"Wrong item shipped",Processed
487,29887,2025-04-08,"Battery issue",Processed
488,32231,2025-02-19,"Inaccurate step counter",Processed
489,10166,2025-02-03,"Defective product",Approved
490,12051,2024-07-02,"Battery issue",Approved
491,52455,2025-03-14,"Inaccurate step counter",Approved
492,8926,2025-04-06,"Inaccurate step counter",Approved
493,35973,2025-05-12,"Bluetooth not working",Approved
494,53677,2025-05-02,"Defective product",Approved
495,47153,2025-06-25,"Battery issue",Processed
496,16115,2025-05-05,"Screen issues",Approved
497,42257,2025-03-26,"Damaged in transit",Processed
498,1689,2024-02-19,"Defective product",Approved
499,22092,2024-02-02,"Damaged in transit",Processed
500,27844,2025-05-28,"Poor quality",Pending
501,59636,2024-11-28,"Defective product",Processed
502,30514,2025-05-23,"Wrong item shipped",Approved
503,35593,2025-01-14,"Battery issue",Pending
504,5237,2024-11-16,"Defective product",Processed
505,38185,2025-07-12,"Damaged in transit",Approved
506,41676,2025-01-17,"Poor quality",Processed
507,39299,2025-01-25,"Screen issues",Processed
508,41641,2024-09-07,"Wrong item shipped",Approved
509,1046,2025-04-03,"Defective product",Pending
510,25511,2024-12-10,"Defective product",Approved
511,59258,2025-09-10,"Damaged in transit",Processed
512,39403,2025-03-15,"Damaged in transit",Processed
513,9837,2025-06-21,"Battery issue",Processed
514,29365,2024-04-27,"Battery issue",Pending
515,46311,2024-11-23,"Defective product",Approved
516,13283,2025-01-09,"Inaccurate step counter",Pending
517,41120,2024-11-11,"Poor quality",Approved
518,46249,2024-12-03,"Battery issue",Approved
519,50402,2024-11-15,"Damaged in transit",Pending
520,21902,2024-04-15,"Screen issues",Approved
521,3692,2024-04-17,"Bluetooth not working",Approved
522,9984,2025-01-23,"Screen issues",Processed
523,26875,2024-12-28,"Inaccurate step counter",Processed
524,49218,2025-02-15,"Wrong item shipped",Approved
525,33948,2024-04-15,"Wrong item shipped",Processed
526,1161,2024-05-09,"Inaccurate step counter",Approved
527,10395,2024-08-14,"Screen issues",Processed
528,52630,2024-08-02,"Wrong item shipped",Approved
529,59010,2024-08-23,"Bluetooth not working",Approved
530,37055,2025-02-23,"Damaged in transit",Processed
531,44380,2024-02-24,"Damaged in transit",Pending
532,55160,2024-06-13,"Bluetooth not working",Approved
533,1372,2025-04-23,"Bluetooth not working",Approved
534,40725,2025-04-17,"Bluetooth not working",Approved
535,948,2024-05-17,"Damaged in transit",Approved
536,20417,2025-03-03,"Defective product",Pending
537,10308,2024-06-18,"Battery issue",Approved
538,21189,2025-05-25,"Battery issue",Approved
539,45342,2024-01-28,"Bluetooth not working",Processed
540,24099,2024-12-08,"Inaccurate step counter",Pending
541,56549,2024-04-11,"Screen issues",Approved
542,35415,2024-06-10,"Battery issue",Approved
543,39900,2025-02-11,"Bluetooth not working",Processed
544,39135,2025-03-22,"Inaccurate step counter",Approved
545,14393,2025-05-10,"Damaged in transit",Processed
546,42819,2024-09-05,"Defective product",Pending
547,29865,2024-05-02,"Poor quality",Pending
548,13138,2025-09-10,"Damaged in transit",Approved
549,54454,2025-03-23,"Screen issues",Pending
550,24506,2025-04-04,"Bluetooth not working",Processed
551,7787,2025-04-10,"Screen issues",Approved
552,52010,2024-02-15,"Battery issue",Processed
553,44253,2025-06-22,"Inaccurate step counter",Processed
554,37336,2025-03-11,"Inaccurate step counter",Approved
555,35245,2024-05-10,"Defective product",Approved
556,54083,2024-08-20,"Wrong item shipped",Pending
557,33059,2025-06-18,"Wrong item shipped",Processed
558,22649,2024-09-13,"Battery issue",Approved
559,4605,2024-05-07,"Damaged in transit",Approved
560,61107,2025-03-21,"Damaged in transit",Approved
561,44933,2024-12-27,"Damaged in transit",Approved
562,14612,2024-08-18,"Screen issues",Approved
563,53928,2025-08-22,"Damaged in transit",Approved
564,36457,2024-05-30,"Battery issue",Pending
565,24827,2025-01-19,"Poor quality",Processed
566,58742,2025-05-12,"Bluetooth not working",Pending
567,57580,2025-04-20,"Wrong item shipped",Processed
568,36456,2024-05-09,"Battery issue",Approved
569,11948,2024-08-23,"Screen issues",Approved
570,54142,2024-11-01,"Defective product",Approved
571,21344,2025-05-30,"Wrong item shipped",Pending
572,36087,2025-08-04,"Battery issue",Approved
573,57717,2024-12-05,"Bluetooth not working",Processed
574,32159,2024-09-29,"Inaccurate step counter",Processed
575,25892,2025-03-04,"Battery issue",Processed
576,38410,2024-07-31,"Defective product",Pending
577,4707,2025-04-15,"Poor quality",Approved
578,30127,2024-07-04,"Screen issues",Approved
579,3251,2024-04-19,"Defective product",Approved
580,55557,2024-10-22,"Bluetooth not working",Processed
581,16127,2025-04-29,"Damaged in transit",Approved
582,5238,2024-10-29,"Screen issues",Approved
583,35461,2025-08-02,"Defective product",Pending
584,44305,2024-01-30,"Inaccurate step counter",Pending
585,53276,2024-09-24,"Wrong item shipped",Approved
586,15938,2025-02-11,"Poor quality",Approved
587,43562,2024-06-01,"Wrong item shipped",Approved
588,7793,2025-04-11,"Wrong item shipped",Approved
589,13650,2025-03-19,"Damaged in transit",Pending
590,35121,2025-05-04,"Damaged in transit",Processed
591,39741,2024-06-14,"Bluetooth not working",Approved
592,26723,2024-08-02,"Battery issue",Approved
593,16782,2025-06-05,"Bluetooth not working",Pending
594,45550,2025-06-16,"Wrong item shipped",Approved
595,41884,2024-12-25,"Poor quality",Approved
596,30541,2025-05-04,"Screen issues",Processed
597,44601,2024-09-18,"Battery issue",Approved
598,8325,2024-09-13,"Poor quality",Approved
599,11720,2024-07-12,"Battery issue",Approved
600,39230,2025-05-21,"Inaccurate step counter",Approved
601,39781,2024-08-20,"Wrong item shipped",Approved
602,57423,2024-07-22,"Screen issues",Approved
603,12769,2024-03-22,"Wrong item shipped",Approved
604,17017,2025-07-10,"Bluetooth not working",Pending
605,5948,2024-01-18,"Screen issues",Processed
606,4482,2025-08-31,"Screen issues",Processed
607,23020,2024-09-12,"Inaccurate step counter",Approved
608,53151,2025-06-18,"Wrong item shipped",Processed
609,27852,2024-04-13,"Damaged in transit",Approved
610,45628,2024-03-08,"Inaccurate step counter",Pending
611,43493,2024-12-23,"Poor quality",Pending
612,48461,2025-05-12,"Damaged in transit",Processed
613,23193,2025-07-02,"Inaccurate step counter",Approved
614,8103,2024-05-15,"Poor quality",Approved
615,49885,2025-01-03,"Damaged in transit",Pending
616,19443,2025-05-12,"Battery issue",Processed
617,10835,2024-06-16,"Battery issue",Processed
618,13064,2025-05-05,"Screen issues",Pending
619,56499,2025-01-11,"Battery issue",Pending
620,56596,2025-08-22,"Poor quality",Approved
621,51138,2025-05-28,"Defective product",Approved
622,21110,2025-03-26,"Defective product",Approved
623,53959,2025-08-16,"Inaccurate step counter",Pending
624,46032,2025-07-13,"Wrong item shipped",Processed
625,53614,2024-03-31,"Screen issues",Approved
626,51571,2024-07-18,"Battery issue",Approved
627,35891,2025-03-03,"Damaged in transit",Approved
628,38883,2025-08-02,"Battery issue",Approved
629,36523,2024-10-27,"Defective product",Approved
630,39032,2024-07-30,"Inaccurate step counter",Processed
631,5335,2024-07-20,"Defective product",Processed
632,39940,2025-04-28,"Bluetooth not working",Processed
633,23422,2024-11-13,"Inaccurate step counter",Approved
634,27638,2025-03-02,"Screen issues",Approved
635,15439,2025-01-09,"Inaccurate step counter",Pending
636,572,2025-07-22,"Inaccurate step counter",Processed
637,2051,2025-04-01,"Damaged in transit",Approved
638,48102,2024-12-09,"Defective product",Pending
639,45402,2024-02-27,"Defective product",Approved
640,60774,2024-10-13,"Inaccurate step counter",Processed
641,26422,2024-07-02,"Wrong item shipped",Processed
642,58326,2025-09-10,"Damaged in transit",Processed
643,50163,2024-11-13,"Poor quality",Pending
644,30824,2025-07-10,"Inaccurate step counter",Approved
645,24064,2024-04-14,"Poor quality",Approved
646,59654,2024-11-24,"Damaged in transit",Approved
647,52926,2024-02-10,"Inaccurate step counter",Approved
648,53200,2025-08-30,"Battery issue",Processed
649,10990,2024-12-14,"Battery issue",Approved
650,30764,2025-06-02,"Screen issues",Pending
651,49244,2025-01-20,"Battery issue",Approved
652,35733,2024-03-19,"Defective product",Processed
653,50994,2025-02-27,"Defective product",Approved
654,11950,2024-06-24,"Bluetooth not working",Processed
655,30932,2025-02-08,"Poor quality",Processed
656,5386,2024-08-07,"Inaccurate step counter",Processed
657,46434,2024-11-26,"Defective product",Approved
658,53295,2024-05-15,"Bluetooth not working",Processed
659,38019,2024-11-05,"Poor quality",Pending
660,54093,2024-08-29,"Bluetooth not working",Processed
661,1709,2025-04-26,"Screen issues",Approved
662,320,2024-05-19,"Inaccurate step counter",Approved
663,37967,2024-03-23,"Battery issue",Processed
664,5869,2025-06-08,"Screen issues",Processed
665,17813,2025-04-28,"Inaccurate step counter",Processed
666,5797,2025-06-17,"Screen issues",Approved
667,22937,2024-02-21,"Defective product",Approved
668,13024,2025-06-25,"Defective product",Approved
669,45677,2024-03-07,"Poor quality",Approved
670,16877,2024-06-19,"Screen issues",Pending
671,53468,2024-04-25,"Poor quality",Processed
672,7914,2025-05-01,"Inaccurate step counter",Approved
673,50056,2024-03-03,"Defective product",Approved
674,47288,2025-05-05,"Wrong item shipped",Approved
675,6550,2024-11-16,"Damaged in transit",Pending
676,4945,2025-08-30,"Screen issues",Approved
677,12496,2025-07-18,"Wrong item shipped",Approved
678,4091,2024-01-31,"Battery issue",Approved
679,53933,2024-05-04,"Screen issues",Approved
680,25422,2024-07-07,"Wrong item shipped",Pending
681,51439,2024-03-23,"Screen issues",Processed
682,30719,2024-05-09,"Bluetooth not working",Processed
683,47590,2025-07-27,"Damaged in transit",Approved
684,2043,2025-05-19,"Defective product",Approved
685,39211,2024-06-16,"Wrong item shipped",Processed
686,45738,2025-08-20,"Screen issues",Approved
687,43038,2025-02-09,"Inaccurate step counter",Approved
688,56199,2025-01-20,"Poor quality",Approved
689,14218,2025-04-27,"Screen issues",Approved
690,25727,2024-05-30,"Battery issue",Pending
691,22749,2025-03-25,"Bluetooth not working",Processed
692,14455,2024-10-18,"Inaccurate step counter",Approved
693,33447,2025-04-10,"Poor quality",Approved
694,59857,2025-05-26,"Damaged in transit",Approved
695,55036,2024-05-01,"Inaccurate step counter",Processed
696,34091,2025-02-09,"Wrong item shipped",Approved
697,4787,2025-03-05,"Inaccurate step counter",Processed
698,14958,2025-07-17,"Poor quality",Approved
699,13480,2024-05-22,"Defective product",Processed
700,22049,2024-12-27,"Poor quality",Approved
701,36790,2024-05-22,"Damaged in transit",Approved
702,35850,2024-02-25,"Battery issue",Pending
703,22405,2025-04-01,"Inaccurate step counter",Approved
704,28099,2025-08-26,"Bluetooth not working",Approved
705,9062,2024-06-18,"Bluetooth not working",Pending
706,23675,2025-08-19,"Wrong item shipped",Pending
707,13992,2024-08-15,"Defective product",Approved
708,51521,2025-07-17,"Damaged in transit",Approved
709,36504,2024-05-28,"Wrong item shipped",Approved
710,44733,2025-02-21,"Wrong item shipped",Pending
711,41176,2024-03-03,"Wrong item shipped",Processed
712,41709,2024-05-06,"Inaccurate step counter",Pending
713,16483,2025-06-09,"Defective product",Approved
714,58012,2024-05-17,"Inaccurate step counter",Processed
715,44015,2024-09-19,"Damaged in transit",Approved
716,29680,2024-09-10,"Damaged in transit",Approved
717,10584,2025-05-31,"Defective product",Processed
718,29192,2025-07-09,"Battery issue",Approved
719,61533,2025-08-12,"Damaged in transit",Pending
720,12394,2025-09-10,"Battery issue",Approved
721,58271,2025-01-13,"Poor quality",Approved
722,15302,2024-10-27,"Defective product",Approved
723,58074,2025-03-08,"Inaccurate step counter",Processed
724,24221,2025-08-30,"Battery issue",Processed
725,39071,2025-02-23,"Defective product",Approved
726,57509,2024-12-15,"Wrong item shipped",Processed
727,54841,2025-04-25,"Defective product",Processed
728,30106,2025-01-02,"Screen issues",Pending
729,44086,2025-07-05,"Screen issues",Approved
730,43566,2024-03-28,"Damaged in transit",Approved
731,59037,2024-12-29,"Wrong item shipped",Processed
732,36706,2025-06-09,"Screen issues",Approved
733,31929,2024-06-25,"Screen issues",Approved
734,10650,2025-08-09,"Damaged in transit",Pending
735,60289,2025-06-04,"Bluetooth not working",Processed
736,25235,2024-07-27,"Wrong item shipped",Processed
737,48337,2024-10-25,"Screen issues",Approved
738,58949,2024-08-15,"Screen issues",Processed
739,45867,2024-08-01,"Damaged in transit",Approved
740,1786,2024-04-23,"Inaccurate step counter",Approved
741,28765,2024-04-08,"Damaged in transit",Approved
742,8632,2024-10-16,"Screen issues",Processed
743,26953,2024-02-03,"Bluetooth not working",Pending
744,915,2024-08-16,"Defective product",Pending
745,30164,2025-09-10,"Wrong item shipped",Processed
746,55520,2024-12-02,"Inaccurate step counter",Approved
747,33408,2024-03-05,"Bluetooth not working",Approved
748,48875,2025-01-03,"Inaccurate step counter",Approved
749,38513,2024-06-29,"Screen issues",Processed
750,61303,2025-06-01,"Poor quality",Pending
751,40170,2024-10-27,"Poor quality",Processed
752,43188,2024-06-14,"Bluetooth not working",Processed
753,49265,2024-10-10,"Poor quality",Processed
754,35554,2024-08-19,"Inaccurate step counter",Processed
755,28629,2024-07-21,"Bluetooth not working",Approved
756,18801,2024-01-19,"Defective product",Approved
757,42398,2025-09-10,"Wrong item shipped",Approved
758,60660,2024-04-01,"Poor quality",Approved
759,11801,2025-09-10,"Poor quality",Pending
760,54514,2024-10-06,"Battery issue",Approved
761,14138,2025-08-13,"Inaccurate step counter",Pending
762,52193,2025-05-26,"Defective product",Approved
763,47451,2024-05-22,"Wrong item shipped",Approved
764,49920,2025-01-10,"Defective product",Processed
765,30358,2024-05-03,"Defective product",Processed
766,51839,2025-08-24,"Defective product",Pending
767,7887,2024-12-26,"Battery issue",Processed
768,44181,2024-03-09,"Poor quality",Approved
769,41158,2025-05-25,"Wrong item shipped",Processed
770,26314,2024-06-19,"Battery issue",Approved
771,17237,2024-02-09,"Wrong item shipped",Pending
772,61323,2024-11-12,"Defective product",Processed
773,27770,2025-03-31,"Screen issues",Approved
774,51762,2024-12-19,"Poor quality",Approved
775,47637,2025-08-28,"Defective product",Processed
776,47698,2024-04-01,"Poor quality",Processed
777,36425,2024-03-30,"Poor quality",Approved
778,10480,2025-05-16,"Bluetooth not working",Approved
779,42422,2024-05-01,"Screen issues",Approved
780,14941,2024-04-09,"Poor quality",Approved
781,4784,2024-03-24,"Wrong item shipped",Approved
782,24438,2024-10-20,"Screen issues",Pending
783,26904,2025-03-18,"Wrong item shipped",Processed
784,2467,2024-10-10,"Defective product",Pending
785,14873,2025-04-30,"Battery issue",Approved
786,61707,2024-12-10,"Inaccurate step counter",Approved
787,53648,2025-02-22,"Wrong item shipped",Approved
788,46515,2024-02-22,"Bluetooth not working",Approved
789,16947,2025-06-02,"Wrong item shipped",Approved
790,26307,2024-03-31,"Inaccurate step counter",Approved
791,9713,2024-02-26,"Bluetooth not working",Approved
792,263,2025-05-06,"Bluetooth not working",Approved
793,59740,2025-06-19,"Screen issues",Processed
794,6932,2025-06-15,"Screen issues",Processed
795,30389,2024-05-05,"Wrong item shipped",Approved
796,55976,2025-09-10,"Screen issues",Approved
797,36317,2024-12-08,"Bluetooth not working",Approved
798,3995,2024-12-14,"Damaged in transit",Approved
799,46605,2025-08-18,"Wrong item shipped",Approved
800,19677,2025-03-09,"Battery issue",Processed
801,37054,2025-03-07,"Damaged in transit",Processed
802,33424,2025-05-26,"Bluetooth not working",Approved
803,2147,2025-03-12,"Bluetooth not working",Processed
804,11588,2024-05-11,"Poor quality",Approved
805,39908,2024-02-19,"Bluetooth not working",Processed
806,45359,2025-03-25,"Poor quality",Processed
807,26608,2024-03-07,"Poor quality",Approved
808,25750,2025-04-23,"Defective product",Processed
809,40162,2024-11-26,"Inaccurate step counter",Approved
810,10087,2024-10-12,"Battery issue",Pending
811,49430,2024-04-25,"Bluetooth not working",Processed
812,37207,2025-07-22,"Damaged in transit",Approved
813,36157,2024-12-19,"Poor quality",Approved
814,41229,2024-06-26,"Screen issues",Pending
815,48314,2025-08-11,"Screen issues",Approved
816,20,2024-11-24,"Defective product",Approved
817,18121,2025-09-10,"Poor quality",Approved
818,49673,2024-07-07,"Poor quality",Approved
819,3440,2025-07-31,"Defective product",Processed
820,46399,2024-06-09,"Inaccurate step counter",Approved
821,8489,2024-12-16,"Bluetooth not working",Approved
822,60,2024-07-04,"Defective product",Approved
823,5247,2025-02-03,"Inaccurate step counter",Approved
824,4483,2025-06-09,"Screen issues",Approved
825,55634,2024-04-07,"Battery issue",Approved
826,22880,2024-08-25,"Wrong item shipped",Approved
827,57206,2025-09-10,"Damaged in transit",Processed
828,21881,2025-03-30,"Inaccurate step counter",Processed
829,16539,2024-06-05,"Battery issue",Approved
830,9348,2025-04-08,"Wrong item shipped",Processed
831,2580,2024-06-02,"Poor quality",Processed
832,17810,2025-04-02,"Damaged in transit",Approved
833,29863,2024-05-07,"Damaged in transit",Approved
834,51241,2025-08-16,"Wrong item shipped",Pending
835,4257,2025-07-24,"Damaged in transit",Approved
836,34600,2025-04-10,"Damaged in transit",Approved
837,46512,2025-04-30,"Wrong item shipped",Approved
838,37674,2025-03-12,"Battery issue",Pending
839,29412,2024-01-25,"Bluetooth not working",Processed
840,45851,2024-07-18,"Battery issue",Approved
841,471,2025-01-10,"Damaged in transit",Approved
842,59578,2024-02-01,"Wrong item shipped",Pending
843,51507,2024-03-14,"Bluetooth not working",Approved
844,45322,2024-04-21,"Screen issues",Approved
845,40770,2025-09-10,"Inaccurate step counter",Approved
846,38689,2025-03-01,"Bluetooth not working",Processed
847,42496,2025-07-08,"Damaged in transit",Pending
848,25239,2024-05-15,"Bluetooth not working",Approved
849,12807,2024-03-17,"Inaccurate step counter",Pending
850,49656,2024-07-10,"Damaged in transit",Processed
851,61412,2024-09-24,"Defective product",Approved
852,1436,2024-05-21,"Wrong item shipped",Approved
853,21162,2025-09-10,"Bluetooth not working",Approved
854,30538,2025-04-27,"Wrong item shipped",Approved
855,41299,2025-05-01,"Inaccurate step counter",Approved
856,27447,2024-05-18,"Bluetooth not working",Processed
857,11703,2024-09-05,"Bluetooth not working",Processed
858,22828,2025-09-10,"Inaccurate step counter",Approved
859,35512,2025-03-03,"Poor quality",Approved
860,59250,2024-12-24,"Damaged in transit",Processed
861,2180,2024-11-02,"Poor quality",Pending
862,38308,2025-07-01,"Damaged in transit",Approved
863,42655,2024-06-27,"Defective product",Processed
864,22179,2024-03-03,"Wrong item shipped",Pending
865,55024,2025-01-06,"Wrong item shipped",Approved
866,33811,2024-06-29,"Bluetooth not working",Approved
867,22560,2024-12-21,"Inaccurate step counter",Approved
868,36200,2025-05-10,"Bluetooth not working",Pending
869,17795,2025-03-27,"Defective product",Processed
870,17880,2024-01-17,"Wrong item shipped",Approved
871,45763,2024-06-11,"Damaged in transit",Pending
872,1037,2024-03-05,"Defective product",Approved
873,37266,2024-09-29,"Screen issues",Approved
874,13648,2025-02-05,"Inaccurate step counter",Processed
875,7280,2024-02-25,"Inaccurate step counter",Processed
876,60824,2024-03-01,"Wrong item shipped",Approved
877,43975,2024-06-07,"Wrong item shipped",Approved
878,49995,2025-08-15,"Battery issue",Pending
879,7199,2025-02-06,"Inaccurate step counter",Processed
880,58776,2024-02-14,"Poor quality",Approved
881,60701,2025-09-10,"Wrong item shipped",Processed
882,52979,2025-01-22,"Defective product",Approved
883,44324,2025-06-10,"Bluetooth not working",Processed
884,21876,2025-09-10,"Wrong item shipped",Pending
885,46194,2024-05-12,"Screen issues",Approved
886,39911,2025-06-25,"Battery issue",Pending
887,4250,2025-06-10,"Battery issue",Approved
888,44631,2024-11-18,"Poor quality",Processed
889,5917,2025-02-16,"Defective product",Approved
890,46871,2024-09-06,"Screen issues",Approved
891,54477,2024-09-03,"Battery issue",Approved
892,24006,2025-07-14,"Bluetooth not working",Approved
893,22313,2025-07-22,"Bluetooth not working",Processed
894,34662,2024-08-17,"Poor quality",Processed
895,5823,2025-03-05,"Defective product",Approved
896,45425,2025-02-11,"Inaccurate step counter",Approved
897,48390,2025-02-06,"Wrong item shipped",Pending
898,36910,2025-07-10,"Battery issue",Approved
899,45789,2024-02-21,"Battery issue",Processed
900,3588,2024-12-19,"Damaged in transit",Processed
901,6148,2024-02-10,"Wrong item shipped",Approved
902,5954,2024-06-05,"Battery issue",Processed
903,13011,2024-02-16,"Screen issues",Pending
904,37598,2024-10-30,"Defective product",Approved
905,51045,2024-10-01,"Defective product",Processed
906,19817,2024-03-29,"Bluetooth not working",Approved
907,43027,2024-02-14,"Inaccurate step counter",Processed
908,53355,2024-12-20,"Wrong item shipped",Approved
909,9920,2025-03-01,"Screen issues",Approved
910,49339,2025-07-05,"Damaged in transit",Approved
911,19023,2024-11-21,"Bluetooth not working",Approved
912,53059,2025-03-17,"Battery issue",Processed
913,58759,2025-09-07,"Damaged in transit",Approved
914,7729,2024-07-04,"Battery issue",Approved
915,57336,2025-08-14,"Screen issues",Processed
916,43306,2024-06-01,"Inaccurate step counter",Approved
917,2501,2024-11-07,"Screen issues",Pending
918,17383,2025-01-12,"Inaccurate step counter",Approved
919,29624,2024-08-28,"Defective product",Approved
920,9670,2024-02-29,"Inaccurate step counter",Approved
921,23672,2025-08-12,"Poor quality",Approved
922,54203,2025-03-16,"Poor quality",Pending
923,16912,2024-02-03,"Poor quality",Approved
924,7118,2024-06-14,"Wrong item shipped",Processed
925,5809,2025-09-03,"Defective product",Approved
926,54557,2024-09-30,"Damaged in transit",Approved
927,34719,2024-05-26,"Damaged in transit",Pending
928,12893,2025-03-13,"Inaccurate step counter",Approved
929,33242,2025-07-28,"Bluetooth not working",Processed
930,22621,2024-11-10,"Damaged in transit",Approved
931,404,2025-09-10,"Battery issue",Approved
932,1295,2024-11-06,"Inaccurate step counter",Processed
933,17618,2025-04-11,"Inaccurate step counter",Processed
934,59216,2024-12-11,"Poor quality",Approved
935,51451,2024-04-05,"Damaged in transit",Approved
936,19951,2024-02-25,"Wrong item shipped",Approved
937,44195,2025-08-21,"Defective product",Approved
938,1592,2024-07-20,"Damaged in transit",Approved
939,56137,2025-01-06,"Poor quality",Approved
940,15593,2025-02-10,"Wrong item shipped",Pending
941,19928,2024-08-27,"Damaged in transit",Pending
942,59418,2025-07-29,"Battery issue",Approved
943,50399,2025-04-21,"Damaged in transit",Pending
944,42377,2024-11-18,"Bluetooth not working",Processed
945,2538,2024-07-30,"Screen issues",Processed
946,32577,2025-01-04,"Poor quality",Processed
947,16632,2024-03-30,"Damaged in transit",Approved
948,56363,2024-09-29,"Wrong item shipped",Pending
949,34348,2025-06-01,"Battery issue",Pending
950,26800,2025-09-10,"Bluetooth not working",Approved
951,37204,2024-12-01,"Screen issues",Approved
952,22805,2024-11-18,"Poor quality",Processed
953,15023,2024-10-14,"Inaccurate step counter",Approved
954,38028,2024-10-10,"Screen issues",Pending
955,40142,2024-11-02,"Battery issue",Approved
956,56706,2024-04-21,"Defective product",Pending
957,32144,2024-12-30,"Wrong item shipped",Approved
958,51889,2024-10-08,"Inaccurate step counter",Processed
959,54604,2025-07-06,"Poor quality",Pending
960,9373,2024-07-01,"Defective product",Approved
961,14895,2024-10-17,"Wrong item shipped",Processed
962,42392,2025-07-08,"Poor quality",Processed
963,49281,2024-03-24,"Wrong item shipped",Processed
964,49507,2024-06-11,"Poor quality",Approved
965,30346,2025-08-13,"Wrong item shipped",Pending
966,43454,2024-09-29,"Damaged in transit",Processed
967,53157,2025-07-10,"Battery issue",Processed
968,58095,2024-07-01,"Bluetooth not working",Processed
969,50489,2025-09-10,"Defective product",Approved
970,5517,2024-12-08,"Defective product",Processed
971,9769,2025-07-30,"Inaccurate step counter",Approved
972,38304,2025-08-13,"Screen issues",Approved
973,651,2025-03-05,"Bluetooth not working",Pending
974,27663,2024-06-14,"Wrong item shipped",Approved
975,7156,2024-08-20,"Damaged in transit",Processed
976,24024,2024-01-24,"Screen issues",Pending
977,59353,2024-08-22,"Defective product",Approved
978,13217,2025-04-18,"Battery issue",Approved
979,32006,2024-10-25,"Screen issues",Processed
980,48715,2024-10-03,"Inaccurate step counter",Approved
981,59289,2024-05-11,"Bluetooth not working",Approved
982,41096,2024-07-22,"Poor quality",Processed
983,54328,2025-08-09,"Battery issue",Processed
984,18959,2024-10-12,"Wrong item shipped",Pending
985,29491,2024-02-24,"Inaccurate step counter",Approved
986,27679,2025-05-31,"Damaged in transit",Pending
987,49760,2024-05-04,"Battery issue",Pending
988,61602,2024-08-18,"Bluetooth not working",Processed
989,7134,2024-05-16,"Poor quality",Approved
990,11838,2024-12-20,"Poor quality",Pending
991,12822,2024-05-28,"Battery issue",Pending
992,42536,2024-10-20,"Wrong item shipped",Approved
993,30155,2025-08-22,"Screen issues",Pending
994,34231,2025-04-04,"Defective product",Approved
995,43840,2024-06-11,"Wrong item shipped",Approved
996,17569,2024-10-31,"Defective product",Processed
997,60969,2025-06-08,"Screen issues",Processed
998,11272,2025-07-07,"Defective product",Pending
999,32060,2025-09-10,"Bluetooth not working",Approved
1000,5186,2025-08-30,"Damaged in transit",Approved
