customer_id,name,last_name,total_order
9716,Bridgit,Kaur,9
8038,Tamir,Mehta,8
10487,Melford,Singh,8
7190,Tiny,Bansal,8
6423,Nana,Das,8
2244,Josefina,Reddy,8
1306,Melba,Jain,8
1543,Greta,Bansal,7
4553,Infant,Sharma,7
3032,Deonte,Sharma,7
2665,Ione,Mehta,7
4384,Albin,Ghosh,7
4349,Sami,Bansal,7
3748,Candis,Tripathi,7
4251,Daisha,Reddy,7
5325,Julieann,Mukherjee,7
5189,Cael,Verma,7
1351,Ken,Reddy,7
8544,Hashim,Iyer,7
6572,Ricki,Reddy,7
9361,Teryn,Agarwal,7
6821,Tallulah,Jain,7
8858,Morrison,Reddy,7
9193,Ethyn,Tripathi,7
5636,Rojelio,Ghosh,7
7974,Aime,Iyer,7
10365,Teresa,Jain,7
7928,Adiel,Sharma,7
10220,Gregor,Bansal,7
9891,Shai,Kaur,7
9855,Larraine,Choudhary,7
11174,Adisyn,Tripathi,7
10931,Ori,Mehta,6
10943,Dann,Jain,6
11098,Frederico,Tripathi,6
11137,Madisson,Tripathi,6
11207,Emberlynn,Bansal,6
11449,Keelin,Tripathi,6
11601,Jermaine,Patel,6
1927,Consuelo,Mehta,6
4581,Loy,Patel,6
3830,Jessenia,Gupta,6
81,Alexander,Tripathi,6
2488,Emmitt,Gupta,6
4549,Bartholomew,Kaur,6
2069,Ester,Reddy,6
4527,Echo,Verma,6
409,Jo,Patel,6
421,Lindsey,Reddy,6
2659,Mathias,Khan,6
1963,Samara,Sharma,6
4410,Porsha,Sharma,6
4399,Liv,Agarwal,6
218,Bonnie,Singh,6
2950,Kianna,Jain,6
1712,Dorian,Jain,6
507,Clyde,Kaur,6
794,Kristy,Jain,6
2931,Dashawn,Kaur,6
2565,Tera,Bansal,6
3590,Jasmyn,Ghosh,6
2680,Elouise,Singh,6
924,Mckenzie,Kaur,6
3523,Kenley,Singh,6
935,Earnest,Patel,6
3446,Blanch,Das,6
2901,Tyrese,Choudhary,6
2722,Sullivan,Patel,6
1004,Gerardo,Mukherjee,6
2271,Louella,Ghosh,6
1018,Easton,Tripathi,6
2282,Seymour,Yadav,6
3370,Alannah,Iyer,6
2304,Lawson,Gupta,6
3331,Jamarion,Mehta,6
5405,Azariah,Agarwal,6
5393,Angelena,Singh,6
1099,Mercedes,Patel,6
5237,Kannon,Jain,6
5168,Gentry,Gupta,6
5009,Ashlea,Singh,6
2381,Vince,Nair,6
1333,Rodolfo,Choudhary,6
4932,Homero,Choudhary,6
4908,Geovanni,Verma,6
8134,Minor,Sharma,6
7673,Fatoumata,Gupta,6
9520,Aiesha,Sharma,6
7747,Keysha,Kaur,6
7748,Jadelyn,Kaur,6
9432,Roswell,Kaur,6
6586,Fairy,Kaur,6
9376,Aziz,Ghosh,6
7956,Shilo,Gupta,6
6597,Corbett,Khan,6
6114,Launa,Choudhary,6
9315,Nadeen,Nair,6
9311,Reema,Agarwal,6
9292,Crystle,Nair,6
8519,Rapheal,Mehta,6
6642,Lindsy,Nair,6
5585,Camden,Kaur,6
7560,Winton,Agarwal,6
7374,Sulema,Mehta,6
9036,Berlin,Jain,6
7036,Vic,Yadav,6
6697,Lennox,Khan,6
7395,Cam,Kaur,6
8883,Kace,Tripathi,6
5682,Coleton,Reddy,6
7301,Merritt,Bansal,6
7589,Zaden,Yadav,6
10744,Vicenta,Iyer,6
10579,Rayleen,Nair,6
10537,Dereon,Jain,6
10492,Jerrid,Jain,6
10335,Aaniyah,Verma,6
5867,Aniah,Reddy,6
10185,Deshawn,Agarwal,6
7186,Melyssa,Reddy,6
7851,Eitan,Mehta,6
8568,Aayan,Nair,6
5956,Maceo,Mehta,6
9944,Eleonora,Agarwal,6
8560,Channel,Sharma,6
8073,Baleigh,Iyer,6
9837,Maycie,Iyer,6
8556,Dalene,Das,6
6493,Hazle,Kaur,6
9799,Damya,Yadav,6
8162,Adelita,Das,6
7557,Woodie,Iyer,5
7106,Addalyn,Reddy,5
8041,Maha,Khan,5
7326,Annabeth,Yadav,5
9513,Genny,Jain,5
5455,Angeles,Kaur,5
5462,Teodoro,Das,5
9426,Kathia,Das,5
9416,Perrin,Das,5
7337,Zetta,Sharma,5
7681,Prisha,Patel,5
6100,Shawnda,Sharma,5
5485,Rashaun,Kaur,5
7682,Dietrich,Iyer,5
9349,Trinitee,Patel,5
5494,Carletta,Sharma,5
9346,Amna,Das,5
5502,Britt,Choudhary,5
9340,Riva,Jain,5
9329,Remona,Mehta,5
7347,Herb,Iyer,5
5512,Dayanna,Tripathi,5
8385,Griffen,Ghosh,5
6608,Thane,Reddy,5
9301,Jackqueline,Das,5
6823,Twana,Iyer,5
9278,Corby,Bansal,5
8855,Charita,Sharma,5
9245,Delsie,Tripathi,5
9230,Zaniah,Yadav,5
9218,Diane,Ghosh,5
8672,Kordell,Choudhary,5
6632,Auther,Jain,5
8849,Jahaira,Mukherjee,5
8180,Dimas,Jain,5
6826,Marie,Mehta,5
6942,Rafe,Yadav,5
9071,Issabella,Jain,5
9062,Teo,Yadav,5
5587,Kylen,Singh,5
7696,Anaiya,Choudhary,5
5590,Evin,Mehta,5
5605,Nolen,Ghosh,5
8825,Giovany,Mukherjee,5
9024,Gasper,Reddy,5
9020,Alvino,Iyer,5
9014,Addalynn,Tripathi,5
7054,Kelcey,Khan,5
8019,Lakenya,Agarwal,5
8997,Blondell,Tripathi,5
7567,Levern,Choudhary,5
8309,Joely,Tripathi,5
8502,Illiana,Nair,5
6906,Vianney,Nair,5
8943,Jadin,Yadav,5
8937,Micheala,Kaur,5
5643,Demetrio,Das,5
8178,Cleora,Yadav,5
8889,Dalary,Jain,5
6245,Jeb,Khan,5
7914,Julia,Reddy,5
7582,Caeden,Yadav,5
7408,Jailynn,Verma,5
8808,Jonmichael,Agarwal,5
8306,Diesel,Sharma,5
6847,Hilary,Reddy,5
5703,Halee,Kaur,5
6731,Mckenzie,Agarwal,5
5705,Shaneka,Ghosh,5
8625,Dashon,Jain,5
7417,Fredericka,Bansal,5
7726,Ayman,Yadav,5
7272,Syreeta,Das,5
6286,Rexford,Iyer,5
5730,Sutton,Jain,5
8185,Lala,Patel,5
8354,Arletha,Sharma,5
8355,Francina,Reddy,5
10715,Deadra,Agarwal,5
8147,Siara,Mukherjee,5
10711,Gittel,Khan,5
10696,Marcell,Patel,5
6313,Taron,Agarwal,5
6749,Camdyn,Reddy,5
10634,Leontine,Mukherjee,5
7876,Robbin,Sharma,5
10615,Chirstopher,Sharma,5
10611,Maryetta,Das,5
10603,Rayquan,Mukherjee,5
6333,Maryanna,Iyer,5
8790,Lucienne,Nair,5
7612,Vann,Yadav,5
8782,Shenna,Tripathi,5
10564,Aleck,Gupta,5
6344,Betsey,Verma,5
7240,Tristyn,Choudhary,5
8771,Martin,Ghosh,5
7768,Carlin,Khan,5
7867,Zoila,Tripathi,5
10445,Maribelle,Yadav,5
8753,Chloie,Mehta,5
10345,Alyx,Nair,5
5859,Kamal,Kaur,5
8751,Analiese,Mehta,5
5869,Gerrit,Tripathi,5
10327,Maree,Mehta,5
7469,Lotus,Verma,5
8459,Jhonny,Choudhary,5
6398,Roby,Singh,5
5875,Neel,Mukherjee,5
10307,Elene,Singh,5
8750,Micahel,Bansal,5
6400,Ashia,Agarwal,5
8424,Madelynne,Yadav,5
10182,Irelyn,Sharma,5
6777,Arionna,Patel,5
10149,Kelson,Jain,5
8014,Jiovanni,Verma,5
8070,Jarius,Mehta,5
10124,Sascha,Mehta,5
10107,Tylee,Iyer,5
7848,Arion,Jain,5
5946,Tennie,Reddy,5
7645,Saverio,Das,5
10026,Trentin,Yadav,5
9996,Vander,Yadav,5
6476,Luci,Choudhary,5
8015,Darlyn,Yadav,5
9874,Rella,Nair,5
9862,Barnett,Kaur,5
6496,Darnell,Yadav,5
8214,Theodor,Khan,5
6796,Juliane,Mehta,5
8242,Taelyn,Yadav,5
9788,Mykala,Khan,5
9763,Samantha,Gupta,5
8109,Adalia,Sharma,5
9730,Patton,Sharma,5
9707,Gerome,Das,5
6801,Imari,Mehta,5
9657,Armanda,Verma,5
6041,Hadleigh,Patel,5
9625,Anamarie,Singh,5
9609,Teisha,Iyer,5
6807,Kiran,Kaur,5
9595,Cavin,Verma,5
9557,Monette,Choudhary,5
10890,Kemari,Choudhary,5
10906,Divina,Mukherjee,5
10914,Mykah,Singh,5
10958,Kerrin,Mehta,5
11008,Erianna,Ghosh,5
11020,Lashelle,Singh,5
11037,Katrin,Reddy,5
11052,Electra,Das,5
11072,Pearce,Choudhary,5
11154,Lemon,Yadav,5
11206,Keiran,Ghosh,5
11211,Liesel,Singh,5
11228,Talina,Tripathi,5
11292,Biagio,Reddy,5
11339,Donnis,Khan,5
11347,Maelee,Yadav,5
11367,Leasia,Jain,5
11412,Lenette,Yadav,5
11470,Collene,Ghosh,5
11490,Gladys,Kaur,5
11571,Giuseppina,Mukherjee,5
11660,Africa,Khan,5
11696,Jenay,Jain,5
11713,Kadarius,Ghosh,5
11827,Myeshia,Agarwal,5
11869,Purvis,Das,5
11932,Hilaria,Verma,5
11946,Asante,Das,5
193,Crystal,Mehta,5
5,William,Yadav,5
2042,Gia,Reddy,5
3973,Alvis,Khan,5
4644,Landry,Das,5
2514,Claud,Patel,5
1796,Emely,Choudhary,5
2999,Dax,Mehta,5
3945,Regis,Mukherjee,5
4194,Cataleya,Iyer,5
52,Gary,Patel,5
1583,Landen,Jain,5
1590,Elaina,Yadav,5
4175,Emani,Patel,5
75,Deborah,Yadav,5
1603,Deana,Jain,5
84,Henry,Reddy,5
93,Walter,Kaur,5
3826,Rona,Verma,5
1619,Garland,Agarwal,5
650,Billie,Mehta,5
1939,Chantel,Mukherjee,5
4540,Laurene,Gupta,5
730,Brad,Das,5
386,Beatrice,Mehta,5
4144,Tanika,Iyer,5
4523,Jamia,Das,5
654,Kendra,Iyer,5
655,Alexandria,Mukherjee,5
3030,Raymon,Bansal,5
4513,Cherri,Bansal,5
4507,Patricio,Das,5
4115,Ameer,Verma,5
2493,Devonte,Tripathi,5
3089,Nikolai,Ghosh,5
152,Willie,Agarwal,5
3914,Jovanni,Tripathi,5
2051,Jerri,Das,5
426,Charlie,Yadav,5
3756,Yasmeen,Kaur,5
666,Johnathan,Agarwal,5
191,Russell,Agarwal,5
4408,Jacinda,Reddy,5
2536,Carmelo,Sharma,5
4404,Sibyl,Khan,5
672,Brendan,Patel,5
452,Beth,Sharma,5
674,Maxwell,Yadav,5
3902,Devan,Bansal,5
4376,Ottis,Khan,5
3901,Arvin,Mehta,5
3728,Bishop,Kaur,5
718,Aaliyah,Kaur,5
3803,Melonie,Tripathi,5
4030,Eleazar,Iyer,5
1979,Lavonne,Bansal,5
240,Leonard,Iyer,5
4340,Stephaine,Verma,5
4015,Jeromy,Gupta,5
4334,Merrick,Jain,5
483,Maureen,Tripathi,5
264,Wanda,Iyer,5
3880,Ernestina,Sharma,5
1987,Lyric,Gupta,5
3798,Shaquille,Nair,5
1990,William,Khan,5
282,Frederick,Kaur,5
685,Marshall,Agarwal,5
4283,Samatha,Kaur,5
3991,Braylee,Ghosh,5
3987,Hakeem,Das,5
301,Tony,Khan,5
1761,Nelda,Agarwal,5
305,April,Iyer,5
4257,Linus,Nair,5
1771,Perla,Sharma,5
1911,Wiley,Patel,5
4237,Allegra,Singh,5
3690,Hendrix,Verma,5
790,Willard,Jain,5
2121,Tess,Khan,5
2138,Merlin,Ghosh,5
3617,Leatrice,Iyer,5
2157,Kris,Reddy,5
2159,Brayan,Sharma,5
864,Inez,Ghosh,5
2574,Cortez,Kaur,5
3581,Lupe,Khan,5
3558,Gaylord,Tripathi,5
3546,Britton,Ghosh,5
913,Annabelle,Agarwal,5
915,Donnie,Mehta,5
3502,Brigid,Jain,5
3474,Buck,Choudhary,5
966,Arturo,Reddy,5
3448,Juli,Singh,5
993,Wendell,Sharma,5
3407,Annalee,Choudhary,5
2900,Jaydon,Agarwal,5
1031,Randolph,Patel,5
3348,Tristan,Agarwal,5
2609,Magnolia,Iyer,5
5406,Kenyatta,Mehta,5
5321,Emerie,Ghosh,5
5307,Chas,Agarwal,5
5283,Veronika,Iyer,5
1176,Laurence,Bansal,5
5214,Janetta,Choudhary,5
1220,Lane,Das,5
5148,Ariadne,Kaur,5
5137,Rolanda,Gupta,5
2859,Brinley,Choudhary,5
1245,Valentina,Choudhary,5
5116,Ignatius,Agarwal,5
1254,Gregg,Gupta,5
5103,Gian,Singh,5
5071,Carri,Das,5
2761,Starr,Choudhary,5
1291,Carroll,Iyer,5
1292,Reba,Agarwal,5
1299,Dexter,Yadav,5
1305,Ronda,Iyer,5
3225,Kasen,Bansal,5
5037,Vihaan,Agarwal,5
3211,Lyn,Sharma,5
1321,Jayson,Tripathi,5
2727,Samson,Sharma,5
2844,Brennen,Agarwal,5
1339,Lou,Patel,5
1343,Tracie,Das,5
1366,Myrna,Bansal,5
2395,Reggie,Jain,5
4900,Jaquelin,Tripathi,5
1431,Randal,Jain,5
1438,Hadley,Jain,5
4845,Kamren,Tripathi,5
4804,Alain,Khan,5
4784,Montrell,Jain,5
4763,Rayshawn,Das,5
4740,Samaria,Agarwal,5
1493,Simone,Iyer,5
1506,Mickey,Ghosh,5
4689,Analise,Das,5
3151,Hezekiah,Patel,5
1540,Timmy,Mukherjee,5
1541,Rhoda,Ghosh,5
2004,Carina,Reddy,4
1544,Glenna,Choudhary,4
4655,Lilyan,Ghosh,4
1546,Heaven,Reddy,4
3852,Dock,Choudhary,4
4645,Alexi,Sharma,4
10,Charles,Gupta,4
3047,Alani,Kaur,4
4214,Lucious,Kaur,4
3135,Jacey,Patel,4
2730,Jacques,Iyer,4
17,Jennifer,Patel,4
334,Michele,Agarwal,4
3134,Zaiden,Sharma,4
335,Veronica,Jain,4
3776,Garrick,Agarwal,4
4213,Shani,Reddy,4
3737,Derik,Gupta,4
698,Candace,Singh,4
2482,Winona,Tripathi,4
2483,Rayna,Patel,4
2009,Blair,Kaur,4
741,Hugh,Mukherjee,4
2066,Luann,Singh,4
1566,Ramiro,Reddy,4
4627,Ammon,Iyer,4
1568,Ryan,Nair,4
348,Isaiah,Tripathi,4
536,Herman,Singh,4
3944,Jennifer,Mehta,4
3121,Miller,Khan,4
1931,Curt,Singh,4
3118,Elvia,Reddy,4
45,Betty,Ghosh,4
1801,Macie,Sharma,4
3940,Alexandre,Ghosh,4
4574,Janiah,Nair,4
51,Frank,Nair,4
2995,Xiomara,Bansal,4
4187,Kendell,Jain,4
3116,Aric,Verma,4
2067,Jett,Gupta,4
4184,Fermin,Nair,4
3104,Hellen,Ghosh,4
1935,Joselyn,Singh,4
3832,Jasiah,Tripathi,4
4564,Jerad,Ghosh,4
64,Ruth,Patel,4
1592,Bridgette,Bansal,4
363,Shane,Ghosh,4
4183,Steven,Yadav,4
546,Viola,Agarwal,4
1596,Jeanine,Patel,4
1597,Matt,Tripathi,4
2444,Claudine,Singh,4
1600,Milo,Mehta,4
2992,Malakai,Reddy,4
4169,Westin,Singh,4
2741,Bronson,Iyer,4
82,Patrick,Mukherjee,4
1607,Emiliano,Sharma,4
2991,Evalyn,Gupta,4
1609,Cruz,Kaur,4
2083,Cheyanne,Mehta,4
2832,Leif,Agarwal,4
91,Nicole,Mukherjee,4
4160,Brannon,Gupta,4
1615,Harlan,Nair,4
551,Claudia,Yadav,4
376,Dana,Agarwal,4
2449,Iliana,Jain,4
1617,Alanna,Kaur,4
4154,Norene,Tripathi,4
3926,Concepcion,Yadav,4
4150,Rueben,Yadav,4
2491,Portia,Sharma,4
113,Zachary,Tripathi,4
1825,Beverley,Gupta,4
3822,Edd,Khan,4
4125,Lawerence,Bansal,4
1634,Emilee,Kaur,4
1943,Karter,Sharma,4
1637,Aisha,Khan,4
4120,Aaden,Jain,4
1945,Bruno,Mukherjee,4
3092,Yusuf,Singh,4
128,Grace,Agarwal,4
398,Blake,Choudhary,4
3918,Delvin,Tripathi,4
705,Rachael,Sharma,4
136,Julia,Patel,4
4492,Yara,Khan,4
657,Bailey,Mukherjee,4
4487,Gaige,Gupta,4
2455,Leora,Bansal,4
706,Damian,Iyer,4
2822,Lainey,Patel,4
1951,Zelma,Nair,4
1952,Millard,Gupta,4
4106,Remy,Gupta,4
4480,Melton,Reddy,4
3917,Shara,Yadav,4
411,Trevor,Verma,4
4102,Ouida,Agarwal,4
1954,Coy,Reddy,4
4101,Desire,Verma,4
416,Sydney,Mukherjee,4
2018,Joesph,Patel,4
3907,Wynter,Mukherjee,4
162,Austin,Tripathi,4
2551,Rosario,Patel,4
423,Colleen,Sharma,4
2960,Simeon,Agarwal,4
1846,Arabella,Iyer,4
3026,Sharyn,Verma,4
2650,Maegan,Tripathi,4
170,Noah,Jain,4
1669,Stefan,Reddy,4
2651,Bradly,Sharma,4
663,Roland,Choudhary,4
1848,Kimberlee,Verma,4
772,Shelley,Yadav,4
177,Judy,Nair,4
4423,Leena,Mehta,4
3023,Austen,Singh,4
771,Eunice,Mehta,4
3078,Jamila,Nair,4
4420,Santa,Sharma,4
667,Kay,Das,4
438,Bessie,Yadav,4
3811,Demarco,Reddy,4
2825,Erna,Bansal,4
587,Leslie,Choudhary,4
2545,Robby,Patel,4
2024,Kareem,Bansal,4
444,Hailey,Tripathi,4
1861,Saundra,Sharma,4
446,Darrell,Kaur,4
449,Jerome,Iyer,4
2094,Katheryn,Nair,4
451,Alvin,Bansal,4
3903,Tye,Agarwal,4
2967,Marcela,Iyer,4
210,Tammy,Reddy,4
456,Landon,Singh,4
765,Sheryl,Bansal,4
4061,Xochitl,Kaur,4
4058,Alda,Ghosh,4
2670,Laci,Nair,4
599,Aidan,Choudhary,4
1705,Malinda,Yadav,4
221,Travis,Jain,4
4377,Johann,Singh,4
4373,Yamilet,Jain,4
227,Johnny,Mukherjee,4
1977,Itzel,Agarwal,4
4050,Christene,Sharma,4
4045,Nyah,Mukherjee,4
3898,Jerilyn,Choudhary,4
238,Tina,Sharma,4
2467,Kacey,Yadav,4
4350,Melony,Sharma,4
474,Lillie,Choudhary,4
738,Miles,Ghosh,4
4021,Leisa,Choudhary,4
3067,Cindi,Jain,4
3895,Artis,Jain,4
250,Todd,Singh,4
479,Edgar,Sharma,4
610,Miriam,Tripathi,4
4333,Jeremie,Kaur,4
2970,Misael,Yadav,4
4323,Thor,Yadav,4
3893,Amare,Verma,4
259,Luke,Khan,4
260,Dale,Singh,4
261,Alex,Sharma,4
4319,Marko,Mukherjee,4
484,Brent,Agarwal,4
613,Katrina,Khan,4
4003,Jesica,Iyer,4
3887,Aydan,Reddy,4
3003,Journee,Singh,4
489,Lindsay,Khan,4
2668,Lon,Mukherjee,4
1738,Christian,Tripathi,4
1988,Augusta,Ghosh,4
4297,Dedra,Bansal,4
4295,Abelardo,Singh,4
4294,Jolynn,Patel,4
279,Carrie,Patel,4
3053,Kale,Iyer,4
3871,Jason,Iyer,4
4291,Cleve,Choudhary,4
2509,Vida,Das,4
2829,Jed,Agarwal,4
3868,Tressie,Jain,4
3865,Joanie,Das,4
4276,Iman,Kaur,4
3863,Farah,Khan,4
502,Cole,Verma,4
2035,Brice,Sharma,4
4275,Kailani,Reddy,4
1997,Barney,Das,4
687,Tracey,Khan,4
2062,Lelia,Yadav,4
2082,Maximiliano,Ghosh,4
1910,Jeanie,Verma,4
4248,Karri,Ghosh,4
513,Colin,Mukherjee,4
1770,Catalina,Tripathi,4
2065,Harris,Kaur,4
516,Lena,Iyer,4
3778,Adella,Reddy,4
2479,Dirk,Gupta,4
4235,Cinda,Singh,4
3983,Domenick,Agarwal,4
3982,Jayna,Yadav,4
2824,Benedict,Jain,4
3777,Claudio,Nair,4
4220,Unnamed,Kaur,4
522,Gabrielle,Choudhary,4
773,Nelson,Ghosh,4
3715,Aviana,Bansal,4
3709,Aretha,Gupta,4
2558,Mekhi,Khan,4
3697,Sheridan,Iyer,4
3692,Whitley,Choudhary,4
3688,Oralia,Mukherjee,4
2933,Aryanna,Singh,4
2561,Denzel,Reddy,4
3678,Koby,Bansal,4
2128,Fletcher,Jain,4
818,Kennedy,Jain,4
820,Ariel,Nair,4
825,Morris,Bansal,4
3642,Latricia,Das,4
2137,Tillie,Agarwal,4
830,Jaime,Choudhary,4
3631,Javion,Ghosh,4
2813,Bree,Jain,4
3622,Gaye,Yadav,4
843,Camille,Nair,4
844,Opal,Nair,4
851,Jace,Mukherjee,4
856,Genesis,Mehta,4
2156,Donnell,Kaur,4
3612,Verne,Choudhary,4
2165,Muhammad,Nair,4
3598,Jalisa,Iyer,4
2808,Enid,Verma,4
3595,Paul,Gupta,4
3571,Stephenie,Reddy,4
3564,Semaj,Iyer,4
2924,Francesco,Choudhary,4
3547,Isai,Nair,4
2916,Yazmin,Ghosh,4
908,Kaitlin,Gupta,4
2200,Thea,Tripathi,4
3538,Lindsay,Yadav,4
3533,Venessa,Tripathi,4
3524,Shyann,Sharma,4
2912,Cale,Jain,4
3514,Corrina,Verma,4
3504,Tayla,Agarwal,4
942,Asher,Reddy,4
3494,Carlotta,Agarwal,4
950,Olive,Singh,4
3475,Jackeline,Tripathi,4
2231,Alena,Mukherjee,4
2682,Alysia,Kaur,4
959,Neal,Gupta,4
3463,Whitney,Singh,4
968,Jan,Kaur,4
970,Lana,Mehta,4
2241,Thalia,Mukherjee,4
972,Dana,Choudhary,4
976,Alec,Singh,4
3438,Karma,Verma,4
3436,Lexus,Mehta,4
2907,Luanne,Tripathi,4
988,Estelle,Verma,4
2257,Desirae,Tripathi,4
3419,Idella,Nair,4
3401,Emmalyn,Singh,4
2273,Kolton,Das,4
3394,Burt,Yadav,4
1013,Rylee,Jain,4
1019,Kayden,Jain,4
1026,Rene,Verma,4
2284,Marylou,Kaur,4
3362,Channing,Ghosh,4
3357,Samira,Kaur,4
2888,Alexandrea,Yadav,4
2885,Jules,Agarwal,4
2606,Deann,Kaur,4
2882,Kaliyah,Tripathi,4
1054,Betsy,Bansal,4
1058,Zane,Khan,4
1064,Elisabeth,Ghosh,4
5420,Davey,Patel,4
1069,Ryder,Kaur,4
2869,Asha,Ghosh,4
3334,Ima,Ghosh,4
5417,Caydence,Ghosh,4
5415,Trenten,Iyer,4
5414,Musa,Bansal,4
1079,Meagan,Tripathi,4
3329,Kennedy,Singh,4
1084,Piper,Bansal,4
1085,Anastasia,Agarwal,4
1091,Esmeralda,Verma,4
5396,Lilli,Ghosh,4
1098,Lottie,Nair,4
5386,Shaun,Jain,4
5384,Neta,Jain,4
5381,Mackenna,Jain,4
1105,Mandy,Agarwal,4
2324,Karlee,Nair,4
5373,Kecia,Jain,4
1120,Elisa,Yadav,4
5366,Kelsy,Verma,4
5363,Doris,Jain,4
5353,Aubrielle,Verma,4
5334,Pia,Ghosh,4
1133,Effie,Ghosh,4
5318,Maison,Gupta,4
5315,Cristi,Gupta,4
5310,Babette,Singh,4
5291,Bjorn,Jain,4
4984,Dasha,Choudhary,4
5264,Codey,Mehta,4
1167,Griffin,Patel,4
3302,Jaunita,Yadav,4
5255,Sabastian,Khan,4
1175,Stacie,Nair,4
5238,Lamonte,Yadav,4
5233,Janee,Mehta,4
3292,Marcelino,Choudhary,4
5206,Eben,Reddy,4
5192,Ellery,Verma,4
3286,Lonnie,Sharma,4
5183,Lyric,Nair,4
2795,Jaida,Singh,4
5171,Nicholaus,Ghosh,4
1216,Sheldon,Sharma,4
1218,Ora,Mehta,4
1222,Lizzie,Sharma,4
1223,Woodrow,Choudhary,4
1229,Lucinda,Kaur,4
5155,Manda,Mukherjee,4
5143,Spring,Tripathi,4
1236,Kira,Choudhary,4
5117,Honey,Kaur,4
5109,Rollie,Patel,4
3264,Selene,Das,4
5083,Raelene,Agarwal,4
2360,Ronan,Das,4
5079,Marlie,Kaur,4
1273,Ashleigh,Tripathi,4
5075,Sequoia,Verma,4
2364,Knox,Bansal,4
1289,Greyson,Reddy,4
5051,Georgetta,Jain,4
5048,Joetta,Verma,4
2628,Delphine,Agarwal,4
2373,Moriah,Verma,4
1309,Quinn,Jain,4
5031,Kera,Gupta,4
5017,Marceline,Choudhary,4
1336,Solomon,Bansal,4
5007,Bryleigh,Verma,4
5004,Jarret,Khan,4
4994,Janaya,Patel,4
1352,Quinn,Iyer,4
4973,Cailey,Iyer,4
3196,Leyla,Das,4
4930,Kohen,Mukherjee,4
1376,Marty,Jain,4
3194,Amaris,Nair,4
1379,Jakob,Nair,4
3187,Anson,Kaur,4
2633,Christal,Verma,4
2839,Zaria,Mukherjee,4
4886,Simona,Verma,4
4881,Britta,Sharma,4
4876,Dennie,Gupta,4
2407,Roxana,Reddy,4
4853,Randa,Das,4
1440,Kendrick,Kaur,4
1442,Eugenia,Khan,4
4825,Gaetano,Nair,4
4809,Derwin,Jain,4
3166,Rivka,Singh,4
4750,Erasmo,Sharma,4
4749,Dempsey,Das,4
4747,Michal,Singh,4
4742,Dilan,Iyer,4
4726,Yolonda,Iyer,4
1484,Van,Mehta,4
4725,Tangela,Patel,4
4717,Vernie,Verma,4
1495,Ingrid,Reddy,4
4711,Loni,Verma,4
1500,Imogene,Verma,4
2421,Foster,Patel,4
2422,Letitia,Reddy,4
4694,Kailynn,Kaur,4
1515,Johnathon,Verma,4
4692,Kelby,Reddy,4
2642,Chantal,Nair,4
1525,Selma,Das,4
1526,Brenden,Choudhary,4
4677,Ishaan,Ghosh,4
1533,Ed,Nair,4
4659,Haven,Reddy,4
8690,Ramel,Bansal,4
5426,Apryl,Reddy,4
7318,Natisha,Iyer,4
7109,Foy,Iyer,4
9553,Henriette,Choudhary,4
5432,Quenton,Bansal,4
9532,Jennell,Choudhary,4
8872,Taunya,Choudhary,4
7321,Anas,Verma,4
7896,Lyndi,Patel,4
8184,Jona,Mukherjee,4
6066,Ludie,Bansal,4
8115,Eladio,Sharma,4
9517,Jun,Tripathi,4
7094,Wynn,Agarwal,4
8870,Sophronia,Kaur,4
9496,Iverson,Verma,4
6567,Dev,Das,4
9455,Ardelia,Ghosh,4
5454,Tomasa,Jain,4
7762,Ralph,Jain,4
9447,Jackelin,Ghosh,4
9446,Freyja,Bansal,4
6081,Keana,Patel,4
9445,Romell,Singh,4
8687,Laveta,Khan,4
6574,Gabino,Kaur,4
10820,Mali,Khan,4
7534,Sim,Choudhary,4
8461,Dru,Iyer,4
6577,Aston,Sharma,4
9435,Aeris,Das,4
5473,Collins,Mukherjee,4
7679,Analee,Iyer,4
8216,Salim,Bansal,4
5477,Susann,Tripathi,4
9415,Kamar,Mehta,4
9409,Lorean,Mukherjee,4
9403,Marolyn,Singh,4
9370,Kyrin,Patel,4
5487,Laurette,Sharma,4
9352,Amaryllis,Sharma,4
5493,Adison,Kaur,4
6109,Susan,Mehta,4
6110,Leobardo,Reddy,4
8529,Britteny,Gupta,4
9344,Adolf,Choudhary,4
8524,Shriya,Choudhary,4
7345,Sabrena,Tripathi,4
6945,Sailor,Das,4
6120,Royalty,Mukherjee,4
7545,Orvil,Reddy,4
6604,Demonte,Yadav,4
5515,Payten,Singh,4
9328,Malory,Agarwal,4
6127,Larhonda,Kaur,4
5521,Kain,Verma,4
9291,Alaine,Reddy,4
9287,Laya,Nair,4
7352,Kayne,Choudhary,4
7686,Gust,Reddy,4
6134,Zyaire,Sharma,4
8391,Laddie,Choudhary,4
9251,Erie,Nair,4
9244,Annita,Agarwal,4
9242,Horatio,Bansal,4
9229,Betzaida,Choudhary,4
6625,Hillard,Gupta,4
6626,Kizzy,Gupta,4
8237,Delina,Iyer,4
9221,Kobie,Singh,4
7359,Cynthia,Yadav,4
8316,Myisha,Khan,4
8135,Cher,Verma,4
9216,Ranee,Reddy,4
9205,Laiken,Tripathi,4
5553,Spenser,Ghosh,4
6634,Ezra,Mehta,4
5555,Kym,Choudhary,4
6635,Diamond,Agarwal,4
8514,Shae,Kaur,4
9190,Florencia,Reddy,4
5792,Christena,Tripathi,4
8670,Liah,Nair,4
9180,Ysidro,Gupta,4
8513,Alexi,Verma,4
9179,Lillian,Jain,4
9134,Jawan,Tripathi,4
6646,Brighton,Ghosh,4
9114,Dezarae,Tripathi,4
9097,Kemper,Mukherjee,4
9092,Eura,Sharma,4
9088,Yoana,Sharma,4
7058,Flint,Khan,4
9082,Keonte,Yadav,4
9072,Saniah,Choudhary,4
8234,Ossie,Iyer,4
9064,Avary,Mehta,4
6657,Artemio,Tripathi,4
5583,Freeda,Agarwal,4
8002,Sima,Agarwal,4
5588,Wyman,Iyer,4
6661,Thresa,Sharma,4
6186,Kerstin,Khan,4
8273,Brienna,Gupta,4
7697,Chasen,Choudhary,4
8453,Parris,Das,4
6664,Cienna,Jain,4
8434,Taneka,Patel,4
9051,Aneesa,Khan,4
6667,Candelario,Singh,4
7376,Tanvi,Tripathi,4
7377,Elon,Sharma,4
6669,Caelan,Agarwal,4
8654,Asiya,Ghosh,4
7700,Eulah,Agarwal,4
7701,Francie,Das,4
8998,Burrell,Iyer,4
7705,Shaniah,Patel,4
5618,Laniyah,Nair,4
7812,Ragan,Kaur,4
6681,Neymar,Iyer,4
6836,Indigo,Bansal,4
8992,Javien,Khan,4
6938,Rayyan,Ghosh,4
8436,Cedar,Sharma,4
8963,Mikah,Patel,4
7388,Kyrah,Verma,4
7390,Tyren,Khan,4
6937,Maksim,Mehta,4
6693,Klara,Gupta,4
8941,Arlington,Choudhary,4
